,TEAM_ID,TEAM_NAME,GP,W,L,W_PCT,MIN,E_OFF_RATING,OFF_RATING,E_DEF_RATING,DEF_RATING,E_NET_RATING,NET_RATING,AST_PCT,AST_TO,AST_RATIO,OREB_PCT,DREB_PCT,REB_PCT,TM_TOV_PCT,EFG_PCT,TS_PCT,E_PACE,PACE,PACE_PER40,POSS,PIE,GP_RANK,W_RANK,L_RANK,W_PCT_RANK,MIN_RANK,OFF_RATING_RANK,DEF_RATING_RANK,NET_RATING_RANK,AST_PCT_RANK,AST_TO_RANK,AST_RATIO_RANK,OREB_PCT_RANK,DREB_PCT_RANK,REB_PCT_RANK,TM_TOV_PCT_RANK,EFG_PCT_RANK,TS_PCT_RANK,PACE_RANK,PIE_RANK,SEASON,ID_TEAM_SEASON
0,1610612737,Atlanta Hawks,82,60,22,0.732,3946.0,106.2,108.2,100.7,102.3,5.6,5.9,0.676,1.81,19.5,0.264,0.697,0.487,0.15,0.527,0.563,96.2,94.66,78.88,7775,0.54,1,2,2,2,26,6,5,4,1,3,2,30,22,27,17,3,3,15,3,2014-15,Atlanta Hawks-2014-15
1,1610612738,Boston Celtics,82,40,42,0.488,3976.0,101.7,103.8,102.1,103.5,-0.4,0.3,0.629,1.77,18.0,0.289,0.71,0.495,0.142,0.489,0.523,98.4,96.71,80.59,8007,0.498,1,16,16,16,8,19,12,16,3,4,6,15,16,18,6,22,23,5,18,2014-15,Boston Celtics-2014-15
2,1610612751,Brooklyn Nets,82,38,44,0.463,3986.0,101.9,103.4,105.0,106.3,-3.1,-3.0,0.559,1.51,16.3,0.278,0.701,0.491,0.146,0.491,0.529,95.0,93.69,78.07,7777,0.48,1,18,18,18,3,20,23,21,25,19,19,23,19,22,13,18,20,20,23,2014-15,Brooklyn Nets-2014-15
3,1610612766,Charlotte Hornets,82,33,49,0.402,3981.0,97.6,99.6,101.0,103.0,-3.4,-3.4,0.568,1.69,15.8,0.27,0.746,0.502,0.126,0.456,0.498,95.3,93.45,77.87,7753,0.482,1,22,22,22,6,28,10,24,19,7,25,27,1,13,1,30,29,24,22,2014-15,Charlotte Hornets-2014-15
4,1610612741,Chicago Bulls,82,50,32,0.61,3976.0,104.7,106.3,101.5,103.3,3.3,3.0,0.593,1.56,16.6,0.312,0.709,0.516,0.147,0.489,0.536,95.4,93.8,78.17,7775,0.529,1,9,9,9,8,11,11,11,11,15,14,5,17,4,15,21,14,19,6,2014-15,Chicago Bulls-2014-15
5,1610612739,Cleveland Cavaliers,82,53,29,0.646,3956.0,107.7,110.1,104.1,105.3,3.7,4.8,0.587,1.55,17.1,0.311,0.711,0.513,0.152,0.52,0.557,94.8,93.23,77.69,7682,0.514,1,7,7,7,23,4,18,5,13,16,9,6,15,6,19,4,4,25,10,2014-15,Cleveland Cavaliers-2014-15
6,1610612742,Dallas Mavericks,82,50,32,0.61,3976.0,107.2,108.2,103.7,104.9,3.5,3.2,0.567,1.74,17.0,0.269,0.681,0.477,0.133,0.515,0.55,97.4,96.4,80.34,7976,0.521,1,9,9,9,8,5,17,9,20,6,10,28,30,30,3,6,7,8,9,2014-15,Dallas Mavericks-2014-15
7,1610612743,Denver Nuggets,82,30,52,0.366,3976.0,101.6,103.9,105.5,107.1,-3.9,-3.3,0.577,1.53,16.2,0.303,0.7,0.494,0.146,0.479,0.518,98.7,96.87,80.72,8011,0.465,1,24,24,24,8,18,26,23,17,17,20,10,20,20,12,25,24,4,25,2014-15,Denver Nuggets-2014-15
8,1610612765,Detroit Pistons,82,32,50,0.39,3966.0,102.3,104.3,104.2,105.4,-1.8,-1.1,0.582,1.61,16.4,0.316,0.712,0.505,0.142,0.482,0.515,95.2,93.68,78.07,7741,0.478,1,23,23,23,18,15,20,19,15,10,17,3,14,11,8,24,26,21,24,2014-15,Detroit Pistons-2014-15
9,1610612744,Golden State Warriors,82,67,15,0.817,3946.0,109.7,110.4,98.2,100.4,11.4,9.9,0.659,1.9,19.7,0.273,0.703,0.498,0.145,0.54,0.571,100.7,99.28,82.74,8170,0.569,1,1,1,1,26,2,1,1,2,2,1,24,18,14,11,1,1,1,1,2014-15,Golden State Warriors-2014-15
10,1610612745,Houston Rockets,82,56,26,0.683,3961.0,104.2,106.0,100.5,102.6,3.7,3.4,0.6,1.33,16.5,0.305,0.686,0.496,0.17,0.512,0.548,99.3,97.36,81.14,8037,0.509,1,3,3,3,20,12,7,8,10,27,16,9,27,17,28,7,8,2,12,2014-15,Houston Rockets-2014-15
11,1610612754,Indiana Pacers,82,38,44,0.463,3971.0,100.8,102.9,100.9,102.7,-0.1,0.2,0.586,1.53,16.6,0.286,0.735,0.511,0.148,0.484,0.523,95.5,93.67,78.06,7753,0.505,1,18,18,18,13,23,8,17,14,18,15,19,2,7,16,23,22,22,16,2014-15,Indiana Pacers-2014-15
12,1610612746,Los Angeles Clippers,82,56,26,0.683,3946.0,109.8,111.6,103.0,104.7,6.9,6.9,0.629,2.01,18.7,0.272,0.716,0.497,0.129,0.533,0.565,97.0,95.4,79.5,7844,0.54,1,3,3,3,26,1,16,2,4,1,3,26,9,15,2,2,2,11,4,2014-15,Los Angeles Clippers-2014-15
13,1610612747,Los Angeles Lakers,82,21,61,0.256,3986.0,100.8,102.3,108.0,109.4,-7.2,-7.1,0.562,1.58,15.9,0.29,0.72,0.497,0.138,0.473,0.513,96.3,95.03,79.19,7892,0.45,1,27,27,27,3,24,29,27,24,14,24,13,7,16,5,26,27,13,28,2014-15,Los Angeles Lakers-2014-15
14,1610612763,Memphis Grizzlies,82,55,27,0.671,3981.0,103.1,104.8,99.9,101.2,3.1,3.5,0.574,1.62,16.9,0.288,0.716,0.503,0.142,0.489,0.531,94.2,92.82,77.35,7696,0.53,1,5,5,5,6,13,2,7,18,9,11,18,10,12,9,20,18,26,5,2014-15,Memphis Grizzlies-2014-15
15,1610612748,Miami Heat,82,37,45,0.451,3946.0,101.5,103.2,103.8,106.1,-2.4,-3.0,0.564,1.34,16.1,0.284,0.687,0.489,0.161,0.5,0.54,93.3,91.49,76.24,7526,0.492,1,21,21,21,26,21,21,22,22,26,23,20,25,26,25,12,11,29,19,2014-15,Miami Heat-2014-15
16,1610612749,Milwaukee Bucks,82,41,41,0.5,3986.0,100.5,102.0,99.3,101.4,1.2,0.6,0.627,1.41,17.8,0.29,0.686,0.491,0.175,0.499,0.536,96.5,94.82,79.02,7867,0.511,1,15,15,15,3,25,4,15,6,22,7,14,26,21,29,13,15,14,11,2014-15,Milwaukee Bucks-2014-15
17,1610612750,Minnesota Timberwolves,82,16,66,0.195,3961.0,99.8,101.8,109.6,110.9,-9.8,-9.1,0.593,1.44,16.3,0.311,0.682,0.489,0.156,0.468,0.517,97.0,95.45,79.54,7873,0.453,1,30,30,30,20,26,30,29,12,21,18,7,29,24,21,28,25,10,27,2014-15,Minnesota Timberwolves-2014-15
18,1610612740,New Orleans Pelicans,82,45,37,0.549,3956.0,105.4,107.1,104.7,106.3,0.7,0.8,0.581,1.66,17.1,0.309,0.712,0.511,0.143,0.501,0.537,93.7,92.29,76.91,7608,0.508,1,13,13,13,23,9,22,13,16,8,8,8,13,8,10,11,12,27,13,2014-15,New Orleans Pelicans-2014-15
19,1610612752,New York Knicks,82,17,65,0.207,3971.0,97.1,98.9,107.2,109.0,-10.1,-10.1,0.606,1.45,16.7,0.289,0.691,0.484,0.158,0.47,0.508,93.7,92.06,76.72,7618,0.441,1,29,29,29,13,29,28,30,9,20,13,16,23,28,24,27,28,28,29,2014-15,New York Knicks-2014-15
20,1610612760,Oklahoma City Thunder,82,45,37,0.549,3966.0,104.5,106.7,103.1,104.6,1.3,2.1,0.528,1.4,15.3,0.318,0.73,0.524,0.151,0.492,0.532,98.3,96.61,80.51,7988,0.505,1,13,13,13,18,10,15,12,29,23,30,2,4,2,18,17,17,6,17,2014-15,Oklahoma City Thunder-2014-15
21,1610612753,Orlando Magic,82,25,57,0.305,3951.0,99.6,101.0,105.2,106.8,-5.6,-5.9,0.55,1.39,16.2,0.269,0.716,0.491,0.157,0.494,0.524,95.9,94.51,78.76,7773,0.455,1,26,26,26,25,27,24,26,27,24,21,29,8,23,22,16,21,16,26,2014-15,Orlando Magic-2014-15
22,1610612755,Philadelphia 76ers,82,18,64,0.22,3961.0,93.0,94.9,102.1,103.9,-9.1,-9.0,0.609,1.16,15.5,0.293,0.686,0.48,0.183,0.459,0.494,98.3,96.45,80.37,7950,0.426,1,28,28,28,20,30,13,28,8,30,27,12,28,29,30,29,30,7,30,2014-15,Philadelphia 76ers-2014-15
23,1610612756,Phoenix Suns,82,39,43,0.476,3976.0,102.9,104.2,103.4,105.3,-0.5,-1.1,0.522,1.34,15.4,0.281,0.698,0.489,0.154,0.501,0.537,98.7,97.2,81.0,8058,0.491,1,17,17,17,8,17,19,20,30,25,29,22,21,25,20,10,13,3,20,2014-15,Phoenix Suns-2014-15
24,1610612757,Portland Trail Blazers,82,51,31,0.622,3971.0,105.5,107.1,101.4,102.8,4.2,4.3,0.567,1.61,16.8,0.282,0.728,0.51,0.142,0.508,0.544,96.5,95.06,79.22,7868,0.522,1,8,8,8,13,8,9,6,21,11,12,21,5,9,7,9,9,12,8,2014-15,Portland Trail Blazers-2014-15
25,1610612758,Sacramento Kings,82,29,53,0.354,3971.0,102.5,104.5,106.5,108.2,-4.0,-3.7,0.554,1.25,15.5,0.313,0.715,0.519,0.168,0.49,0.542,97.9,96.16,80.13,7952,0.485,1,25,25,25,13,14,27,25,26,29,28,4,11,3,26,19,10,9,21,2014-15,Sacramento Kings-2014-15
26,1610612759,San Antonio Spurs,82,55,27,0.671,3991.0,106.2,107.6,99.6,101.4,6.6,6.3,0.623,1.75,18.4,0.272,0.73,0.507,0.146,0.517,0.555,95.9,94.45,78.71,7860,0.545,1,5,5,5,1,7,3,3,7,5,4,25,3,10,14,5,5,17,2,2014-15,San Antonio Spurs-2014-15
27,1610612761,Toronto Raptors,82,49,33,0.598,3971.0,108.1,110.2,104.8,107.1,3.2,3.1,0.547,1.61,16.1,0.301,0.689,0.494,0.137,0.508,0.553,95.4,93.46,77.88,7736,0.506,1,11,11,11,13,3,25,10,28,12,22,11,24,19,4,8,6,23,15,2014-15,Toronto Raptors-2014-15
28,1610612762,Utah Jazz,82,38,44,0.463,3941.0,102.5,104.2,102.1,104.1,0.5,0.1,0.563,1.3,15.8,0.332,0.715,0.524,0.168,0.494,0.531,92.8,91.1,75.91,7486,0.507,1,18,18,18,30,16,14,18,23,28,26,1,12,1,27,15,19,30,14,2014-15,Utah Jazz-2014-15
29,1610612764,Washington Wizards,82,46,36,0.561,3991.0,101.8,103.0,100.0,102.4,1.9,0.6,0.627,1.6,18.1,0.288,0.726,0.514,0.157,0.499,0.534,96.0,94.29,78.58,7844,0.525,1,12,12,12,1,22,6,14,5,13,5,17,6,5,23,14,16,18,7,2014-15,Washington Wizards-2014-15
30,1610612737,Atlanta Hawks,82,48,34,0.585,3966.0,103.0,104.6,98.8,100.8,4.1,3.9,0.663,1.71,19.0,0.234,0.698,0.474,0.152,0.516,0.552,99.4,97.63,81.36,8059,0.528,1,7,7,7,11,20,2,7,2,7,2,29,26,28,21,6,8,9,6,2015-16,Atlanta Hawks-2015-16
31,1610612738,Boston Celtics,82,48,34,0.585,3956.0,103.9,105.8,100.9,102.5,3.0,3.3,0.616,1.76,17.4,0.29,0.707,0.495,0.138,0.488,0.531,101.1,99.43,82.86,8191,0.52,1,7,7,7,23,10,4,8,5,4,10,12,24,18,5,24,21,3,9,2015-16,Boston Celtics-2015-16
32,1610612751,Brooklyn Nets,82,21,61,0.256,3951.0,100.9,102.4,108.5,109.7,-7.6,-7.4,0.583,1.51,17.0,0.279,0.716,0.494,0.153,0.492,0.527,97.4,96.12,80.1,7903,0.46,1,28,28,28,26,27,29,28,18,19,14,17,19,21,22,21,23,20,27,2015-16,Brooklyn Nets-2015-16
33,1610612766,Charlotte Hornets,82,48,34,0.585,3971.0,105.1,106.4,101.8,103.7,3.3,2.7,0.586,1.73,16.7,0.244,0.754,0.499,0.129,0.502,0.545,97.8,96.24,80.2,7966,0.511,1,7,7,7,9,9,9,9,17,6,18,27,1,15,1,14,12,18,11,2015-16,Charlotte Hornets-2015-16
34,1610612741,Chicago Bulls,82,42,40,0.512,3981.0,102.1,104.1,103.9,105.5,-1.8,-1.4,0.591,1.64,17.0,0.29,0.714,0.506,0.142,0.487,0.526,98.2,96.6,80.5,8008,0.494,1,14,14,14,3,23,15,18,14,12,13,11,20,12,12,26,26,15,16,2015-16,Chicago Bulls-2015-16
35,1610612739,Cleveland Cavaliers,82,57,25,0.695,3971.0,108.1,110.2,102.3,103.9,5.8,6.3,0.587,1.67,17.4,0.294,0.742,0.519,0.143,0.524,0.558,95.5,93.82,78.19,7764,0.528,1,3,3,3,9,3,10,4,16,10,11,10,5,4,13,3,4,28,5,2015-16,Cleveland Cavaliers-2015-16
36,1610612742,Dallas Mavericks,82,42,40,0.512,4001.0,104.8,105.5,104.3,105.9,0.6,-0.4,0.592,1.73,17.0,0.241,0.723,0.484,0.132,0.502,0.544,96.4,95.34,79.45,7950,0.503,1,14,14,14,1,11,16,16,13,5,12,28,14,26,2,13,14,22,13,2015-16,Dallas Mavericks-2015-16
37,1610612743,Denver Nuggets,82,33,49,0.402,3966.0,102.7,104.9,106.4,108.2,-3.7,-3.3,0.601,1.55,16.9,0.304,0.732,0.513,0.151,0.489,0.531,98.2,96.34,80.28,7963,0.479,1,21,21,21,11,17,25,23,9,15,15,3,9,7,19,23,22,17,25,2015-16,Denver Nuggets-2015-16
38,1610612765,Detroit Pistons,82,44,38,0.537,3976.0,103.3,105.3,103.4,104.9,-0.2,0.3,0.512,1.44,14.8,0.313,0.753,0.521,0.14,0.491,0.522,97.4,95.75,79.79,7942,0.486,1,12,12,12,5,15,13,14,29,23,29,2,2,2,8,22,28,21,22,2015-16,Detroit Pistons-2015-16
39,1610612744,Golden State Warriors,82,73,9,0.89,3976.0,112.5,113.5,100.9,102.8,11.6,10.6,0.68,1.91,20.4,0.267,0.72,0.507,0.15,0.563,0.593,101.6,100.24,83.54,8303,0.567,1,1,1,1,5,1,6,2,1,1,1,22,15,11,18,1,1,2,2,2015-16,Golden State Warriors-2015-16
40,1610612745,Houston Rockets,82,41,41,0.5,3966.0,105.5,107.3,105.6,107.3,-0.2,0.0,0.589,1.39,16.4,0.297,0.692,0.492,0.161,0.516,0.553,100.1,98.42,82.02,8139,0.49,1,17,17,17,11,7,21,15,15,26,19,8,29,23,27,7,6,7,19,2015-16,Houston Rockets-2015-16
41,1610612754,Indiana Pacers,82,45,37,0.549,3976.0,102.4,103.8,100.2,102.2,2.2,1.6,0.554,1.43,16.1,0.271,0.714,0.494,0.151,0.497,0.536,99.0,97.35,81.13,8068,0.518,1,11,11,11,5,25,3,12,24,25,22,21,21,19,20,20,19,11,10,2015-16,Indiana Pacers-2015-16
42,1610612746,Los Angeles Clippers,82,53,29,0.646,3966.0,106.5,107.2,100.9,102.7,5.5,4.5,0.596,1.76,17.4,0.234,0.697,0.472,0.133,0.524,0.556,98.0,96.81,80.68,7995,0.533,1,6,6,6,11,8,5,5,10,3,9,30,27,29,3,5,5,13,4,2015-16,Los Angeles Clippers-2015-16
43,1610612747,Los Angeles Lakers,82,17,65,0.207,3946.0,98.6,100.7,109.3,110.3,-10.7,-9.7,0.513,1.31,14.1,0.271,0.712,0.484,0.142,0.46,0.509,98.0,96.55,80.46,7930,0.424,1,29,29,29,28,29,30,29,28,27,30,19,22,27,11,30,30,16,30,2015-16,Los Angeles Lakers-2015-16
44,1610612763,Memphis Grizzlies,82,42,40,0.512,3966.0,102.6,104.7,105.4,107.1,-2.9,-2.4,0.562,1.56,16.0,0.298,0.709,0.495,0.14,0.477,0.524,95.7,93.95,78.29,7763,0.483,1,14,14,14,11,19,20,21,20,13,25,6,23,16,9,29,27,27,23,2015-16,Memphis Grizzlies-2015-16
45,1610612748,Miami Heat,82,48,34,0.585,3966.0,104.2,105.5,101.5,103.7,2.6,1.7,0.543,1.48,16.3,0.28,0.729,0.512,0.148,0.508,0.545,95.7,94.14,78.45,7779,0.525,1,7,7,7,11,12,8,11,26,20,20,15,11,8,16,11,13,25,7,2015-16,Miami Heat-2015-16
46,1610612749,Milwaukee Bucks,82,33,49,0.402,3966.0,102.2,103.4,105.7,107.8,-3.5,-4.5,0.603,1.52,17.6,0.286,0.689,0.49,0.159,0.499,0.537,96.6,95.05,79.21,7858,0.483,1,21,21,21,11,26,23,26,8,17,8,13,30,25,24,17,17,23,24,2015-16,Milwaukee Bucks-2015-16
47,1610612750,Minnesota Timberwolves,82,29,53,0.354,3976.0,104.3,105.4,107.1,109.0,-2.8,-3.5,0.619,1.56,17.6,0.279,0.702,0.494,0.155,0.498,0.549,97.6,96.2,80.17,7965,0.497,1,26,26,26,5,13,28,24,4,14,6,18,25,20,23,18,9,19,14,2015-16,Minnesota Timberwolves-2015-16
48,1610612740,New Orleans Pelicans,82,30,52,0.366,3956.0,103.2,104.8,107.3,108.4,-4.1,-3.7,0.577,1.65,16.8,0.252,0.748,0.493,0.137,0.498,0.537,98.9,97.64,81.37,8041,0.472,1,25,25,25,23,18,26,25,19,11,16,24,3,22,4,19,18,8,26,2015-16,New Orleans Pelicans-2015-16
49,1610612752,New York Knicks,82,32,50,0.39,3961.0,102.0,103.9,104.8,106.7,-2.8,-2.8,0.557,1.53,16.0,0.28,0.718,0.502,0.142,0.483,0.527,95.8,94.12,78.43,7763,0.487,1,24,24,24,19,24,18,22,23,16,24,16,17,13,10,28,24,26,21,2015-16,New York Knicks-2015-16
50,1610612760,Oklahoma City Thunder,82,55,27,0.671,3966.0,109.9,112.1,103.0,104.8,6.9,7.4,0.558,1.44,16.7,0.347,0.72,0.541,0.162,0.524,0.565,99.4,97.54,81.28,8061,0.546,1,5,5,5,11,2,11,3,21,22,17,1,16,1,28,4,2,10,3,2015-16,Oklahoma City Thunder-2015-16
51,1610612753,Orlando Magic,82,35,47,0.427,3981.0,102.6,104.4,104.6,106.0,-2.0,-1.6,0.596,1.67,17.6,0.271,0.726,0.495,0.144,0.5,0.533,98.2,96.68,80.57,8018,0.488,1,20,20,20,3,22,17,19,11,9,7,20,13,17,14,16,20,14,20,2015-16,Orlando Magic-2015-16
52,1610612755,Philadelphia 76ers,82,10,72,0.122,3961.0,96.6,98.4,106.7,108.6,-10.0,-10.2,0.594,1.31,16.3,0.25,0.693,0.466,0.165,0.487,0.519,100.2,98.44,82.03,8119,0.428,1,30,30,30,19,30,27,30,12,28,21,26,28,30,29,27,29,6,29,2015-16,Philadelphia 76ers-2015-16
53,1610612756,Phoenix Suns,82,23,59,0.28,3941.0,99.4,101.5,107.0,107.9,-7.6,-6.5,0.558,1.21,15.4,0.297,0.733,0.508,0.173,0.487,0.526,100.9,99.39,82.82,8152,0.45,1,27,27,27,29,28,24,27,22,30,26,7,8,10,30,25,25,4,28,2015-16,Phoenix Suns-2015-16
54,1610612757,Portland Trail Blazers,82,44,38,0.537,3961.0,106.1,107.6,105.6,106.8,0.6,0.8,0.552,1.46,16.0,0.294,0.728,0.51,0.15,0.511,0.548,98.3,97.06,80.88,8012,0.493,1,12,12,12,19,6,19,13,25,21,23,9,12,9,17,8,10,12,18,2015-16,Portland Trail Blazers-2015-16
55,1610612758,Sacramento Kings,82,33,49,0.402,3961.0,103.3,105.3,106.3,107.6,-3.0,-2.3,0.612,1.52,17.6,0.281,0.717,0.5,0.16,0.51,0.546,102.2,100.66,83.88,8302,0.494,1,21,21,21,19,14,22,20,6,18,5,14,18,14,25,10,11,1,17,2015-16,Sacramento Kings-2015-16
56,1610612759,San Antonio Spurs,82,67,15,0.817,3941.0,108.4,109.3,96.6,98.2,11.8,11.1,0.611,1.88,18.8,0.266,0.746,0.516,0.138,0.526,0.564,95.7,94.54,78.78,7767,0.578,1,2,2,2,29,4,1,1,7,2,3,23,4,6,6,2,3,24,1,2015-16,San Antonio Spurs-2015-16
57,1610612761,Toronto Raptors,82,56,26,0.683,3956.0,107.0,109.3,102.7,104.8,4.3,4.4,0.511,1.43,14.9,0.3,0.736,0.52,0.139,0.504,0.552,95.3,93.35,77.8,7707,0.525,1,4,4,4,23,5,12,6,30,24,28,5,7,3,7,12,7,29,8,2015-16,Toronto Raptors-2015-16
58,1610612762,Utah Jazz,82,40,42,0.488,3991.0,103.1,105.0,101.6,103.2,1.6,1.8,0.526,1.27,15.1,0.303,0.731,0.517,0.161,0.501,0.54,93.3,91.66,76.39,7625,0.508,1,19,19,19,2,16,7,10,27,29,27,4,10,5,26,15,16,30,12,2015-16,Utah Jazz-2015-16
59,1610612764,Washington Wizards,82,41,41,0.5,3951.0,102.9,104.5,103.6,105.1,-0.7,-0.5,0.619,1.69,18.1,0.25,0.737,0.49,0.145,0.511,0.544,100.6,99.16,82.63,8163,0.497,1,17,17,17,26,21,14,17,3,8,4,25,6,24,15,9,15,5,15,2015-16,Washington Wizards-2015-16
60,1610612737,Atlanta Hawks,82,43,39,0.524,3976.0,102.3,104.5,103.1,105.2,-0.8,-0.7,0.621,1.5,17.4,0.282,0.717,0.502,0.16,0.504,0.541,99.8,97.76,81.46,8091,0.506,1,11,11,11,4,27,4,19,6,23,11,13,19,12,28,19,20,11,10,2016-17,Atlanta Hawks-2016-17
61,1610612738,Boston Celtics,82,53,29,0.646,3951.0,108.6,110.6,105.5,108.0,3.1,2.6,0.653,1.9,18.8,0.259,0.705,0.485,0.136,0.525,0.567,99.3,97.21,81.01,8005,0.514,1,4,4,4,25,7,14,8,2,3,2,23,29,27,7,9,6,13,7,2016-17,Boston Celtics-2016-17
62,1610612751,Brooklyn Nets,82,20,62,0.244,3951.0,101.9,103.6,108.0,110.1,-6.1,-6.5,0.566,1.29,15.9,0.241,0.716,0.483,0.162,0.507,0.551,103.6,101.75,84.79,8371,0.46,1,30,30,30,25,29,23,28,21,29,26,28,22,28,29,17,16,1,28,2016-17,Brooklyn Nets-2016-17
63,1610612766,Charlotte Hornets,82,36,46,0.439,3966.0,106.4,108.4,106.1,108.4,0.3,0.0,0.611,2.01,17.6,0.247,0.749,0.496,0.119,0.501,0.547,97.8,95.92,79.93,7934,0.505,1,20,20,20,10,14,17,15,8,2,9,27,3,19,1,23,17,20,11,2016-17,Charlotte Hornets-2016-17
64,1610612741,Chicago Bulls,82,41,41,0.5,3956.0,104.6,106.5,104.5,106.2,0.1,0.3,0.584,1.66,16.8,0.311,0.733,0.519,0.14,0.487,0.53,97.7,96.02,80.02,7919,0.504,1,15,15,15,18,21,5,14,13,15,17,3,8,4,13,30,28,19,13,2016-17,Chicago Bulls-2016-17
65,1610612739,Cleveland Cavaliers,82,51,31,0.622,3976.0,110.9,112.8,108.0,109.7,2.9,3.1,0.567,1.66,17.1,0.264,0.722,0.499,0.14,0.547,0.58,98.4,96.74,80.61,8019,0.51,1,5,5,5,4,3,21,7,20,16,15,21,14,18,11,2,3,16,9,2016-17,Cleveland Cavaliers-2016-17
66,1610612742,Dallas Mavericks,82,33,49,0.402,3956.0,103.7,104.7,106.3,107.7,-2.6,-3.0,0.574,1.75,16.8,0.216,0.733,0.465,0.127,0.505,0.541,94.2,93.11,77.59,7668,0.479,1,22,22,22,18,25,13,23,17,7,18,30,7,30,3,18,19,28,24,2016-17,Dallas Mavericks-2016-17
67,1610612743,Denver Nuggets,82,40,42,0.488,3951.0,110.0,112.2,110.5,111.7,-0.5,0.4,0.615,1.69,18.2,0.314,0.753,0.532,0.15,0.53,0.568,100.7,99.18,82.65,8167,0.503,1,18,18,18,25,4,29,13,7,10,4,2,2,1,23,5,5,6,15,2016-17,Denver Nuggets-2016-17
68,1610612765,Detroit Pistons,82,37,45,0.451,3961.0,103.3,105.3,105.3,106.7,-2.0,-1.4,0.53,1.78,16.1,0.286,0.775,0.519,0.123,0.492,0.521,97.1,95.52,79.6,7890,0.482,1,19,19,19,13,23,8,21,28,4,24,9,1,3,2,27,30,21,23,2016-17,Detroit Pistons-2016-17
69,1610612744,Golden State Warriors,82,67,15,0.817,3956.0,113.2,114.8,101.1,103.4,12.1,11.4,0.705,2.06,21.2,0.272,0.709,0.504,0.146,0.563,0.597,102.2,100.37,83.65,8279,0.579,1,1,1,1,18,1,2,1,1,1,1,17,27,10,20,1,1,4,1,2016-17,Golden State Warriors-2016-17
70,1610612745,Houston Rockets,82,55,27,0.671,3956.0,111.8,114.1,106.4,108.4,5.4,5.7,0.626,1.67,18.1,0.281,0.717,0.499,0.15,0.545,0.583,102.5,100.55,83.79,8289,0.516,1,3,3,3,18,2,18,3,4,13,5,15,21,17,22,3,2,3,6,2016-17,Houston Rockets-2016-17
71,1610612754,Indiana Pacers,82,42,40,0.512,3971.0,106.2,107.9,106.3,108.1,-0.1,-0.2,0.572,1.63,17.2,0.255,0.713,0.488,0.141,0.516,0.558,98.1,96.59,80.49,7989,0.505,1,13,13,13,7,16,15,17,18,18,14,26,24,25,15,13,13,18,12,2016-17,Indiana Pacers-2016-17
72,1610612746,Los Angeles Clippers,82,51,31,0.622,3951.0,110.3,111.8,105.8,107.5,4.5,4.4,0.57,1.74,17.2,0.256,0.733,0.501,0.133,0.537,0.574,98.2,96.77,80.64,7968,0.527,1,5,5,5,25,5,12,4,19,8,13,25,6,13,6,4,4,15,4,2016-17,Los Angeles Clippers-2016-17
73,1610612747,Los Angeles Lakers,82,26,56,0.317,3941.0,103.4,105.3,110.6,112.0,-7.2,-6.7,0.532,1.38,15.6,0.284,0.717,0.494,0.153,0.501,0.537,100.8,99.26,82.72,8143,0.446,1,28,28,28,30,24,30,30,26,28,27,11,18,21,27,22,25,5,30,2016-17,Los Angeles Lakers-2016-17
74,1610612763,Memphis Grizzlies,82,43,39,0.524,3981.0,104.7,107.0,104.5,106.5,0.1,0.5,0.584,1.65,16.5,0.295,0.731,0.507,0.137,0.491,0.535,94.7,92.84,77.37,7702,0.501,1,11,11,11,2,19,7,12,12,17,20,7,9,7,9,28,26,29,17,2016-17,Memphis Grizzlies-2016-17
75,1610612748,Miami Heat,82,41,41,0.5,3956.0,105.2,107.4,104.1,106.4,1.0,1.0,0.544,1.58,16.3,0.284,0.718,0.499,0.14,0.512,0.541,97.6,95.51,79.6,7875,0.5,1,15,15,15,18,17,6,10,24,19,21,12,16,16,12,15,18,22,18,2016-17,Miami Heat-2016-17
76,1610612749,Milwaukee Bucks,82,42,40,0.512,3956.0,106.9,108.5,106.4,108.7,0.5,-0.2,0.624,1.73,18.5,0.26,0.706,0.487,0.146,0.527,0.565,96.7,94.99,79.16,7828,0.504,1,13,13,13,18,13,19,16,5,9,3,22,28,26,19,7,7,26,14,2016-17,Milwaukee Bucks-2016-17
77,1610612750,Minnesota Timberwolves,82,31,51,0.378,3961.0,108.1,110.0,109.1,110.9,-1.0,-0.9,0.6,1.69,17.7,0.309,0.71,0.507,0.146,0.511,0.555,97.1,95.48,79.57,7870,0.501,1,24,24,24,13,10,27,20,10,11,7,4,25,8,18,16,15,23,16,2016-17,Minnesota Timberwolves-2016-17
78,1610612740,New Orleans Pelicans,82,34,48,0.415,3981.0,103.3,104.7,104.9,106.8,-1.6,-2.1,0.582,1.77,17.1,0.228,0.728,0.48,0.129,0.504,0.539,100.1,98.56,82.13,8173,0.493,1,21,21,21,2,26,9,22,14,6,16,29,11,29,4,20,23,8,21,2016-17,New Orleans Pelicans-2016-17
79,1610612752,New York Knicks,82,31,51,0.378,3971.0,104.7,107.1,108.7,110.7,-4.1,-3.6,0.551,1.57,16.3,0.305,0.698,0.5,0.143,0.496,0.534,98.6,96.63,80.53,7990,0.482,1,24,24,24,7,18,25,24,22,20,22,5,30,15,16,25,27,17,22,2016-17,New York Knicks-2016-17
80,1610612760,Oklahoma City Thunder,82,47,35,0.573,3961.0,105.0,107.9,105.1,107.1,-0.2,0.8,0.532,1.4,15.5,0.323,0.742,0.528,0.152,0.5,0.54,100.5,98.18,81.82,8099,0.499,1,10,10,10,13,15,10,11,27,27,28,1,5,2,25,24,21,9,19,2016-17,Oklahoma City Thunder-2016-17
81,1610612753,Orlando Magic,82,29,53,0.354,3961.0,101.2,103.7,108.0,110.3,-6.8,-6.5,0.58,1.67,16.8,0.267,0.726,0.491,0.137,0.489,0.524,99.1,96.9,80.75,7989,0.46,1,26,26,26,13,28,24,29,15,14,19,20,12,23,8,29,29,14,29,2016-17,Orlando Magic-2016-17
82,1610612755,Philadelphia 76ers,82,28,54,0.341,3966.0,100.7,102.7,106.4,108.2,-5.7,-5.5,0.631,1.43,17.4,0.273,0.709,0.49,0.167,0.501,0.539,101.0,99.07,82.56,8179,0.47,1,27,27,27,10,30,16,27,3,26,10,16,26,24,30,21,22,7,26,2016-17,Philadelphia 76ers-2016-17
83,1610612756,Phoenix Suns,82,24,58,0.293,3966.0,103.9,106.1,109.3,111.3,-5.4,-5.2,0.491,1.27,14.4,0.299,0.718,0.503,0.152,0.493,0.538,102.9,100.85,84.04,8320,0.462,1,29,29,29,10,22,28,26,29,30,30,6,17,11,26,26,24,2,27,2016-17,Phoenix Suns-2016-17
84,1610612757,Portland Trail Blazers,82,41,41,0.5,3986.0,107.8,109.4,107.8,110.0,0.0,-0.6,0.534,1.54,16.0,0.269,0.72,0.496,0.139,0.52,0.559,99.1,97.38,81.15,8088,0.493,1,15,15,15,1,11,22,18,25,21,25,19,15,20,10,11,12,12,20,2016-17,Portland Trail Blazers-2016-17
85,1610612758,Sacramento Kings,82,32,50,0.39,3976.0,104.6,106.6,109.1,110.8,-4.5,-4.2,0.594,1.54,17.3,0.258,0.723,0.492,0.152,0.516,0.556,97.1,95.42,79.52,7911,0.478,1,23,23,23,4,20,26,25,11,22,12,24,13,22,24,14,14,24,25,2016-17,Sacramento Kings-2016-17
86,1610612759,San Antonio Spurs,82,61,21,0.744,3961.0,108.8,110.3,100.9,102.9,7.9,7.4,0.606,1.77,18.1,0.282,0.73,0.511,0.141,0.524,0.564,96.4,94.86,79.05,7832,0.551,1,2,2,2,13,9,1,2,9,5,6,14,10,6,14,10,9,27,2,2016-17,San Antonio Spurs-2016-17
87,1610612761,Toronto Raptors,82,51,31,0.622,3956.0,109.8,111.4,104.9,107.1,4.9,4.3,0.472,1.46,14.5,0.291,0.717,0.505,0.132,0.517,0.561,97.1,95.41,79.51,7867,0.516,1,5,5,5,18,6,11,6,30,25,29,8,20,9,5,12,11,25,5,2016-17,Toronto Raptors-2016-17
88,1610612762,Utah Jazz,82,51,31,0.622,3951.0,107.4,109.0,102.7,104.7,4.7,4.3,0.544,1.48,16.2,0.27,0.743,0.514,0.148,0.526,0.563,93.6,92.09,76.75,7579,0.534,1,5,5,5,25,12,3,5,23,24,23,18,4,5,21,8,10,30,3,2016-17,Utah Jazz-2016-17
89,1610612764,Washington Wizards,82,49,33,0.598,3971.0,108.5,110.4,106.9,108.8,1.6,1.7,0.577,1.68,17.6,0.286,0.716,0.501,0.143,0.528,0.564,99.7,97.94,81.62,8109,0.511,1,9,9,9,7,8,20,9,16,12,8,10,23,14,17,6,8,10,8,2016-17,Washington Wizards-2016-17
90,1610612737,Atlanta Hawks,82,24,58,0.293,3941.0,102.4,104.4,108.2,110.1,-5.8,-5.7,0.622,1.53,17.6,0.263,0.719,0.489,0.157,0.512,0.547,100.6,98.76,82.3,8114,0.468,1,27,27,27,27,26,24,26,5,23,8,18,26,26,29,22,20,8,26,2017-18,Atlanta Hawks-2017-18
91,1610612738,Boston Celtics,82,55,27,0.671,3961.0,105.3,106.8,101.5,103.2,3.7,3.6,0.586,1.6,17.0,0.263,0.739,0.504,0.144,0.518,0.552,98.2,96.75,80.63,7987,0.519,1,4,4,4,12,18,2,7,13,17,21,19,10,11,15,15,14,22,8,2017-18,Boston Celtics-2017-18
92,1610612751,Brooklyn Nets,82,28,54,0.341,3971.0,104.3,106.1,108.5,109.7,-4.2,-3.6,0.619,1.56,17.3,0.251,0.731,0.489,0.151,0.514,0.551,101.1,99.66,83.05,8238,0.474,1,23,23,23,5,22,21,24,6,21,12,24,14,25,22,18,15,6,24,2017-18,Brooklyn Nets-2017-18
93,1610612766,Charlotte Hornets,82,36,46,0.439,3956.0,107.0,109.0,107.0,109.0,0.0,-0.1,0.554,1.7,16.1,0.271,0.763,0.512,0.128,0.508,0.549,100.5,98.66,82.21,8143,0.5,1,20,20,20,16,9,17,18,25,9,27,13,2,5,2,25,18,10,18,2017-18,Charlotte Hornets-2017-18
94,1610612741,Chicago Bulls,82,27,55,0.329,3971.0,101.3,103.4,109.1,110.5,-7.8,-7.0,0.607,1.68,17.3,0.256,0.767,0.5,0.141,0.497,0.529,100.3,98.65,82.21,8160,0.453,1,24,24,24,5,28,28,28,8,13,14,22,1,17,11,29,29,11,28,2017-18,Chicago Bulls-2017-18
95,1610612739,Cleveland Cavaliers,82,50,32,0.61,3946.0,110.6,112.0,109.5,111.1,1.0,1.0,0.579,1.7,17.5,0.243,0.73,0.492,0.139,0.547,0.584,100.1,98.72,82.27,8114,0.502,1,6,6,6,23,5,29,14,20,8,9,28,16,24,9,3,3,9,17,2017-18,Cleveland Cavaliers-2017-18
96,1610612742,Dallas Mavericks,82,24,58,0.293,3961.0,104.1,105.4,107.4,108.4,-3.3,-2.9,0.594,1.85,17.3,0.224,0.749,0.478,0.127,0.513,0.544,97.5,96.53,80.44,7959,0.475,1,27,27,27,12,24,16,22,10,2,11,30,5,30,1,19,23,26,23,2017-18,Dallas Mavericks-2017-18
97,1610612743,Denver Nuggets,82,46,36,0.561,3976.0,109.6,111.4,108.8,110.0,0.8,1.4,0.617,1.68,18.2,0.3,0.736,0.517,0.151,0.536,0.57,99.1,97.69,81.41,8095,0.511,1,14,14,14,4,6,23,11,7,11,5,2,11,2,23,6,7,15,10,2017-18,Denver Nuggets-2017-18
98,1610612765,Detroit Pistons,82,39,43,0.476,3961.0,104.9,106.6,104.8,106.7,0.0,-0.1,0.582,1.7,17.1,0.269,0.74,0.499,0.138,0.512,0.543,98.4,96.75,80.62,7981,0.489,1,19,19,19,12,19,10,19,19,10,18,16,9,18,7,20,26,23,21,2017-18,Detroit Pistons-2017-18
99,1610612744,Golden State Warriors,82,58,24,0.707,3946.0,112.3,112.8,104.2,106.8,8.1,5.9,0.685,1.9,20.9,0.243,0.712,0.497,0.153,0.569,0.603,101.8,100.35,83.63,8251,0.554,1,3,3,3,23,3,11,3,1,1,1,27,29,19,25,1,1,5,1,2017-18,Golden State Warriors-2017-18
100,1610612745,Houston Rockets,82,65,17,0.793,3951.0,112.2,114.1,103.8,105.7,8.5,8.4,0.557,1.56,16.4,0.254,0.75,0.503,0.141,0.551,0.59,99.7,98.02,81.69,8078,0.531,1,1,1,1,18,1,7,1,22,22,26,23,4,14,10,2,2,13,5,2017-18,Houston Rockets-2017-18
101,1610612754,Indiana Pacers,82,48,34,0.585,3951.0,107.2,108.5,105.6,107.3,1.6,1.3,0.544,1.67,16.8,0.271,0.721,0.496,0.136,0.525,0.557,98.2,96.84,80.7,7977,0.509,1,8,8,8,18,11,12,12,28,14,22,15,24,20,5,12,13,21,12,2017-18,Indiana Pacers-2017-18
102,1610612746,Los Angeles Clippers,82,42,40,0.512,3941.0,107.7,109.4,107.7,109.2,0.0,0.2,0.555,1.52,16.5,0.284,0.718,0.504,0.147,0.527,0.564,101.1,99.54,82.95,8167,0.497,1,18,18,18,27,8,19,17,24,26,25,6,27,10,18,10,10,7,19,2017-18,Los Angeles Clippers-2017-18
103,1610612747,Los Angeles Lakers,82,35,47,0.427,3981.0,104.2,106.0,105.6,107.3,-1.4,-1.3,0.584,1.51,17.0,0.279,0.729,0.505,0.155,0.517,0.548,102.6,100.9,84.08,8361,0.491,1,21,21,21,3,23,13,21,17,27,19,8,17,9,26,16,19,3,20,2017-18,Los Angeles Lakers-2017-18
104,1610612763,Memphis Grizzlies,82,22,60,0.268,3941.0,101.8,103.6,108.4,110.4,-6.6,-6.8,0.586,1.44,16.6,0.276,0.721,0.493,0.156,0.5,0.539,97.3,95.65,79.71,7865,0.46,1,29,29,29,27,27,26,27,12,29,24,10,23,23,28,28,27,29,27,2017-18,Memphis Grizzlies-2017-18
105,1610612748,Miami Heat,82,44,38,0.537,3986.0,104.5,106.2,104.0,105.8,0.5,0.4,0.585,1.58,17.1,0.261,0.741,0.501,0.148,0.52,0.551,97.8,96.1,80.08,7985,0.505,1,15,15,15,2,21,8,16,16,19,16,20,7,16,19,14,16,27,15,2017-18,Miami Heat-2017-18
106,1610612749,Milwaukee Bucks,82,44,38,0.537,3966.0,107.8,109.0,107.1,109.1,0.7,-0.2,0.585,1.68,17.7,0.244,0.709,0.48,0.142,0.531,0.571,98.5,97.03,80.86,8013,0.502,1,15,15,15,8,10,18,20,15,12,7,26,30,28,12,8,6,20,16,2017-18,Milwaukee Bucks-2017-18
107,1610612750,Minnesota Timberwolves,82,47,35,0.573,3961.0,110.8,112.5,108.4,110.2,2.4,2.3,0.553,1.82,17.0,0.289,0.72,0.503,0.128,0.523,0.566,98.3,96.75,80.62,7985,0.518,1,12,12,12,12,4,25,10,26,3,20,4,25,13,3,13,9,23,9,2017-18,Minnesota Timberwolves-2017-18
108,1610612740,New Orleans Pelicans,82,48,34,0.585,3991.0,107.7,108.5,105.6,107.4,2.1,1.1,0.627,1.79,19.0,0.24,0.726,0.494,0.145,0.541,0.573,102.7,101.48,84.57,8443,0.525,1,8,8,8,1,12,14,13,4,5,3,29,19,21,16,4,5,1,7,2017-18,New Orleans Pelicans-2017-18
109,1610612752,New York Knicks,82,29,53,0.354,3966.0,104.1,106.3,108.4,109.7,-4.3,-3.4,0.573,1.58,17.2,0.289,0.727,0.509,0.15,0.51,0.544,99.2,97.64,81.37,8059,0.481,1,22,22,22,8,20,22,23,21,18,15,3,18,6,21,24,24,17,22,2017-18,New York Knicks-2017-18
110,1610612760,Oklahoma City Thunder,82,48,34,0.585,3966.0,107.6,110.1,104.7,106.4,2.9,3.7,0.535,1.53,15.8,0.32,0.725,0.515,0.143,0.514,0.546,99.2,97.34,81.11,8036,0.508,1,8,8,8,8,7,9,6,29,25,28,1,20,3,13,17,21,18,14,2017-18,Oklahoma City Thunder-2017-18
111,1610612753,Orlando Magic,82,25,57,0.305,3946.0,102.8,104.7,107.7,109.4,-4.9,-4.7,0.604,1.61,17.5,0.248,0.714,0.48,0.147,0.512,0.545,100.3,98.58,82.15,8096,0.472,1,26,26,26,23,25,20,25,9,16,10,25,28,29,17,21,22,12,25,2017-18,Orlando Magic-2017-18
112,1610612755,Philadelphia 76ers,82,52,30,0.634,3956.0,107.4,108.5,102.0,103.9,5.4,4.6,0.663,1.64,19.1,0.286,0.736,0.52,0.163,0.535,0.568,102.2,100.75,83.96,8299,0.542,1,5,5,5,16,13,3,4,2,15,2,5,12,1,30,7,8,4,2,2017-18,Philadelphia 76ers-2017-18
113,1610612756,Phoenix Suns,82,21,61,0.256,3941.0,100.8,102.8,110.6,111.7,-9.7,-9.0,0.553,1.35,15.6,0.271,0.724,0.493,0.155,0.495,0.532,102.6,101.14,84.28,8293,0.442,1,30,30,30,27,30,30,30,27,30,29,14,22,22,27,30,28,2,30,2017-18,Phoenix Suns-2017-18
114,1610612757,Portland Trail Blazers,82,49,33,0.598,3951.0,106.1,108.4,104.2,105.7,1.9,2.7,0.496,1.44,15.0,0.279,0.746,0.513,0.139,0.511,0.549,98.8,97.11,80.93,7992,0.51,1,7,7,7,18,14,6,9,30,28,30,7,6,4,8,23,17,19,11,2017-18,Portland Trail Blazers-2017-18
115,1610612758,Sacramento Kings,82,27,55,0.329,3951.0,101.1,103.1,109.0,110.4,-7.9,-7.3,0.556,1.57,16.6,0.264,0.731,0.489,0.143,0.502,0.529,97.1,95.5,79.58,7860,0.451,1,24,24,24,18,29,27,29,23,20,23,17,15,27,14,27,30,30,29,2017-18,Sacramento Kings-2017-18
116,1610612759,San Antonio Spurs,82,47,35,0.573,3946.0,105.5,107.1,102.4,104.1,3.1,3.0,0.583,1.73,17.3,0.277,0.741,0.508,0.137,0.507,0.543,97.2,95.7,79.75,7867,0.525,1,12,12,12,23,17,4,8,18,6,13,9,8,8,6,26,25,28,6,2017-18,San Antonio Spurs-2017-18
117,1610612761,Toronto Raptors,82,59,23,0.72,3966.0,111.0,113.0,103.4,105.3,7.6,7.7,0.59,1.82,17.9,0.274,0.725,0.502,0.135,0.539,0.575,99.8,98.02,81.68,8104,0.538,1,2,2,2,8,2,5,2,11,4,6,12,21,15,4,5,4,14,3,2017-18,Toronto Raptors-2017-18
118,1610612762,Utah Jazz,82,48,34,0.585,3951.0,106.2,107.4,101.6,103.0,4.6,4.4,0.586,1.53,17.1,0.256,0.756,0.509,0.152,0.527,0.564,97.8,96.58,80.48,7951,0.532,1,8,8,8,18,16,1,5,14,24,17,21,3,7,24,9,11,25,4,2017-18,Utah Jazz-2017-18
119,1610612764,Washington Wizards,82,43,39,0.524,3971.0,106.9,108.1,106.2,107.7,0.7,0.4,0.631,1.73,18.4,0.274,0.732,0.504,0.148,0.525,0.56,98.9,97.67,81.39,8087,0.509,1,17,17,17,5,15,15,15,3,7,4,11,13,12,20,11,12,16,13,2017-18,Washington Wizards-2017-18
120,1610612737,Atlanta Hawks,82,29,53,0.354,3971.0,105.5,107.5,111.2,113.1,-5.7,-5.5,0.624,1.52,17.7,0.284,0.718,0.496,0.162,0.522,0.555,106.4,104.56,87.13,8642,0.464,1,26,26,26,7,23,28,26,9,29,16,8,24,20,30,17,17,1,26,2018-19,Atlanta Hawks-2018-19
121,1610612738,Boston Celtics,82,49,33,0.598,3956.0,110.1,111.3,104.9,107.0,5.1,4.3,0.624,2.05,18.8,0.257,0.728,0.495,0.127,0.534,0.567,102.0,100.43,83.69,8282,0.53,1,9,9,9,18,10,6,6,8,2,4,24,15,23,3,7,10,16,5,2018-19,Boston Celtics-2018-19
122,1610612751,Brooklyn Nets,82,42,40,0.512,3996.0,106.9,108.9,107.0,109.0,-0.1,-0.1,0.592,1.58,16.9,0.282,0.72,0.501,0.146,0.52,0.556,103.4,101.52,84.6,8452,0.492,1,14,14,14,1,19,15,15,18,25,23,9,23,15,25,18,15,11,21,2018-19,Brooklyn Nets-2018-19
123,1610612766,Charlotte Hornets,82,39,43,0.476,3966.0,108.3,110.7,110.2,112.0,-1.8,-1.3,0.578,1.9,17.0,0.268,0.731,0.495,0.122,0.514,0.554,101.1,99.18,82.65,8202,0.486,1,17,17,17,11,11,23,19,24,6,22,17,12,22,2,24,19,21,24,2018-19,Charlotte Hornets-2018-19
124,1610612741,Chicago Bulls,82,22,60,0.268,3981.0,102.5,104.5,110.9,112.8,-8.4,-8.3,0.55,1.55,16.3,0.242,0.727,0.483,0.141,0.505,0.541,101.1,99.3,82.75,8232,0.453,1,27,27,27,3,29,25,27,25,26,26,30,16,27,20,28,28,20,27,2018-19,Chicago Bulls-2018-19
125,1610612739,Cleveland Cavaliers,82,19,63,0.232,3951.0,105.0,106.8,115.1,116.8,-10.1,-10.0,0.532,1.54,15.6,0.282,0.732,0.496,0.138,0.503,0.54,98.9,97.37,81.14,8021,0.436,1,28,28,28,24,25,30,30,29,27,29,10,11,21,13,29,29,29,30,2018-19,Cleveland Cavaliers-2018-19
126,1610612742,Dallas Mavericks,82,33,49,0.402,3956.0,106.6,108.7,108.3,110.1,-1.7,-1.5,0.603,1.64,17.0,0.273,0.734,0.503,0.142,0.519,0.555,101.4,99.6,83.0,8216,0.492,1,22,22,22,18,20,18,21,13,21,21,13,10,12,21,19,16,19,20,2018-19,Dallas Mavericks-2018-19
127,1610612743,Denver Nuggets,82,54,28,0.659,3946.0,109.8,112.1,106.8,108.1,3.0,4.0,0.653,2.04,19.3,0.308,0.744,0.524,0.136,0.527,0.558,100.1,98.49,82.08,8096,0.524,1,4,4,4,27,7,10,8,2,3,2,1,5,2,11,15,14,26,8,2018-19,Denver Nuggets-2018-19
128,1610612765,Detroit Pistons,82,41,41,0.5,3971.0,106.1,108.4,106.9,108.7,-0.7,-0.3,0.579,1.63,16.5,0.291,0.745,0.509,0.14,0.509,0.544,99.7,97.88,81.57,8101,0.482,1,16,16,16,7,21,12,16,23,23,25,5,4,8,18,26,26,28,25,2018-19,Detroit Pistons-2018-19
129,1610612744,Golden State Warriors,82,57,25,0.695,3961.0,113.9,115.0,106.5,108.6,7.5,6.5,0.668,2.06,20.4,0.257,0.727,0.505,0.139,0.565,0.596,103.2,101.74,84.78,8390,0.546,1,3,3,3,15,1,11,2,1,1,1,23,17,10,16,1,1,10,2,2018-19,Golden State Warriors-2018-19
130,1610612745,Houston Rockets,82,53,29,0.646,3966.0,112.5,114.9,107.9,110.1,4.6,4.8,0.541,1.59,15.9,0.269,0.7,0.481,0.135,0.542,0.581,100.4,98.39,81.99,8130,0.498,1,5,5,5,11,2,17,5,28,24,28,16,29,28,9,4,3,27,17,2018-19,Houston Rockets-2018-19
131,1610612754,Indiana Pacers,82,48,34,0.585,3941.0,107.3,109.4,104.2,106.0,3.1,3.4,0.628,1.9,18.9,0.269,0.722,0.499,0.139,0.53,0.561,100.4,98.64,82.2,8097,0.527,1,11,11,11,30,18,3,9,7,8,3,15,22,18,15,10,13,25,7,2018-19,Indiana Pacers-2018-19
132,1610612746,Los Angeles Clippers,82,48,34,0.585,3966.0,109.7,111.4,109.0,110.4,0.7,1.0,0.582,1.65,17.1,0.263,0.722,0.5,0.141,0.529,0.575,104.1,102.66,85.55,8475,0.505,1,11,11,11,11,9,19,13,21,19,20,21,21,17,19,12,5,7,13,2018-19,Los Angeles Clippers-2018-19
133,1610612747,Los Angeles Lakers,82,37,45,0.451,3956.0,105.2,107.4,107.3,108.9,-2.1,-1.6,0.6,1.63,17.8,0.27,0.725,0.502,0.15,0.527,0.554,105.5,103.6,86.33,8534,0.495,1,20,20,20,18,24,13,22,16,22,14,14,19,14,28,14,18,4,19,2018-19,Los Angeles Lakers-2018-19
134,1610612763,Memphis Grizzlies,82,33,49,0.402,3976.0,103.8,105.6,106.2,108.0,-2.4,-2.4,0.631,1.71,17.9,0.247,0.724,0.484,0.143,0.508,0.548,98.8,97.15,80.96,8038,0.49,1,22,22,22,4,27,9,24,6,16,13,27,20,26,23,27,24,30,22,2018-19,Memphis Grizzlies-2018-19
135,1610612748,Miami Heat,82,39,43,0.476,3946.0,104.6,106.7,105.1,107.1,-0.6,-0.4,0.612,1.65,17.6,0.291,0.731,0.509,0.149,0.515,0.542,100.7,98.73,82.28,8122,0.501,1,17,17,17,27,26,7,17,12,20,17,6,13,6,26,21,27,23,14,2018-19,Miami Heat-2018-19
136,1610612749,Milwaukee Bucks,82,60,22,0.732,3956.0,111.5,113.5,103.0,104.9,8.5,8.6,0.601,1.88,18.3,0.25,0.757,0.516,0.133,0.55,0.583,105.4,103.57,86.31,8533,0.553,1,1,1,1,18,4,1,1,15,10,10,26,2,5,7,2,2,5,1,2018-19,Milwaukee Bucks-2018-19
137,1610612750,Minnesota Timberwolves,82,36,46,0.439,3966.0,108.4,110.6,110.2,112.2,-1.9,-1.6,0.591,1.88,17.4,0.292,0.709,0.497,0.129,0.511,0.552,102.8,100.88,84.07,8341,0.498,1,21,21,21,11,13,24,23,19,9,18,4,27,19,5,25,22,13,15,2018-19,Minnesota Timberwolves-2018-19
138,1610612740,New Orleans Pelicans,82,33,49,0.402,3951.0,108.6,110.7,110.4,112.0,-1.8,-1.3,0.619,1.82,18.6,0.285,0.729,0.509,0.142,0.529,0.563,105.6,103.89,86.58,8553,0.498,1,22,22,22,24,12,22,20,11,12,7,7,14,9,22,11,12,2,16,2018-19,New Orleans Pelicans-2018-19
139,1610612752,New York Knicks,82,17,65,0.207,3956.0,102.1,104.0,110.9,112.9,-8.8,-8.9,0.525,1.43,14.9,0.264,0.717,0.486,0.14,0.49,0.529,102.0,100.16,83.46,8244,0.442,1,30,30,30,18,30,26,28,30,30,30,20,25,25,17,30,30,17,29,2018-19,New York Knicks-2018-19
140,1610612760,Oklahoma City Thunder,82,49,33,0.598,3971.0,107.6,109.8,104.7,106.5,2.9,3.4,0.548,1.67,16.3,0.298,0.738,0.509,0.134,0.514,0.545,105.3,103.38,86.15,8549,0.506,1,9,9,9,7,16,4,10,26,17,27,3,9,7,8,22,25,6,12,2018-19,Oklahoma City Thunder-2018-19
141,1610612753,Orlando Magic,82,42,40,0.512,3956.0,106.5,108.2,105.8,107.6,0.8,0.6,0.632,1.94,18.6,0.259,0.754,0.504,0.133,0.518,0.55,100.3,98.65,82.21,8133,0.508,1,14,14,14,18,22,8,14,5,5,6,22,3,11,6,20,23,24,11,2018-19,Orlando Magic-2018-19
142,1610612755,Philadelphia 76ers,82,51,31,0.622,3961.0,110.4,111.6,107.1,109.0,3.3,2.6,0.648,1.8,18.7,0.278,0.741,0.517,0.144,0.532,0.574,104.0,102.59,85.49,8467,0.529,1,7,7,7,15,8,14,11,3,14,5,11,7,4,24,8,6,8,6,2018-19,Philadelphia 76ers-2018-19
143,1610612756,Phoenix Suns,82,19,63,0.232,3976.0,103.6,105.3,112.2,114.2,-8.6,-8.9,0.595,1.53,17.3,0.247,0.683,0.464,0.153,0.514,0.552,102.9,101.15,84.3,8371,0.45,1,28,28,28,4,28,29,29,17,28,19,28,30,30,29,23,21,12,28,2018-19,Phoenix Suns-2018-19
144,1610612757,Portland Trail Blazers,82,53,29,0.646,3971.0,111.4,113.7,108.1,109.5,3.3,4.2,0.544,1.66,16.6,0.308,0.739,0.526,0.137,0.528,0.568,101.6,99.96,83.3,8269,0.521,1,5,5,5,7,3,16,7,27,18,24,2,8,1,12,13,9,18,9,2018-19,Portland Trail Blazers-2018-19
145,1610612758,Sacramento Kings,82,39,43,0.476,3946.0,108.3,109.6,108.7,110.8,-0.4,-1.2,0.588,1.9,17.7,0.268,0.713,0.487,0.128,0.524,0.554,105.5,103.88,86.56,8545,0.495,1,17,17,17,27,17,21,18,20,7,15,18,26,24,4,16,20,3,18,2018-19,Sacramento Kings-2018-19
146,1610612759,San Antonio Spurs,82,48,34,0.585,3961.0,111.1,112.2,108.3,110.6,2.8,1.6,0.58,2.03,18.1,0.246,0.744,0.501,0.122,0.534,0.572,100.4,98.88,82.4,8162,0.516,1,11,11,11,15,6,20,12,22,4,12,29,6,16,1,6,8,22,10,2018-19,San Antonio Spurs-2018-19
147,1610612761,Toronto Raptors,82,58,24,0.707,3976.0,110.9,112.6,104.3,106.8,6.5,5.8,0.603,1.81,18.2,0.265,0.726,0.502,0.138,0.543,0.579,102.5,100.51,83.76,8334,0.533,1,2,2,2,4,5,5,3,14,13,11,19,18,13,14,3,4,15,4,2018-19,Toronto Raptors-2018-19
148,1610612762,Utah Jazz,82,50,32,0.61,3951.0,108.8,110.3,103.2,105.3,5.5,5.0,0.644,1.72,18.5,0.275,0.759,0.522,0.149,0.538,0.572,102.5,100.84,84.03,8308,0.539,1,8,8,8,24,14,2,4,4,15,8,12,1,3,27,5,7,14,3,2018-19,Utah Jazz-2018-19
149,1610612764,Washington Wizards,82,32,50,0.39,3986.0,108.6,110.2,111.3,112.9,-2.7,-2.7,0.623,1.87,18.4,0.252,0.706,0.477,0.136,0.531,0.567,103.7,102.23,85.19,8486,0.487,1,25,25,25,2,15,27,25,10,11,9,25,28,29,10,9,11,9,23,2018-19,Washington Wizards-2018-19
150,1610612737,Atlanta Hawks,67,20,47,0.299,3256.0,104.3,107.0,112.3,114.4,-8.0,-7.4,0.589,1.48,16.9,0.267,0.708,0.484,0.155,0.515,0.554,105.6,103.28,86.06,6999,0.454,23,26,28,27,23,25,28,28,19,28,22,15,29,26,28,25,23,7,29,2019-20,Atlanta Hawks-2019-20
151,1610612738,Boston Celtics,72,48,24,0.667,3486.0,110.4,112.8,104.5,106.5,6.0,6.3,0.557,1.66,16.7,0.283,0.731,0.509,0.137,0.531,0.57,101.9,99.92,83.27,7255,0.531,11,5,5,5,13,4,4,3,26,15,25,5,16,12,8,17,13,17,4,2019-20,Boston Celtics-2019-20
152,1610612751,Brooklyn Nets,72,35,37,0.486,3496.0,106.0,108.7,107.1,109.2,-1.1,-0.5,0.606,1.6,17.3,0.28,0.736,0.511,0.148,0.52,0.554,104.0,101.7,84.75,7404,0.5,11,14,14,14,11,22,10,15,13,21,19,9,12,9,21,23,22,10,16,2019-20,Brooklyn Nets-2019-20
153,1610612766,Charlotte Hornets,65,23,42,0.354,3150.0,103.9,105.9,110.6,112.8,-6.8,-7.0,0.639,1.63,17.7,0.28,0.706,0.486,0.15,0.504,0.539,98.1,96.24,80.2,6317,0.455,26,23,21,22,26,28,25,27,4,18,15,8,30,25,24,28,29,30,28,2019-20,Charlotte Hornets-2019-20
154,1610612741,Chicago Bulls,65,22,43,0.338,3135.0,104.1,105.8,107.7,108.9,-3.6,-3.1,0.587,1.5,16.9,0.267,0.719,0.481,0.153,0.515,0.547,101.9,100.46,83.71,6563,0.466,26,24,23,24,29,29,9,22,20,26,21,14,23,28,26,24,26,16,25,2019-20,Chicago Bulls-2019-20
155,1610612739,Cleveland Cavaliers,65,19,46,0.292,3145.0,104.4,106.9,113.6,114.8,-9.2,-7.9,0.573,1.4,16.8,0.296,0.738,0.512,0.165,0.522,0.553,100.9,99.17,82.65,6497,0.453,26,28,26,29,27,26,30,29,23,30,23,2,9,7,30,22,24,23,30,2019-20,Cleveland Cavaliers-2019-20
156,1610612742,Dallas Mavericks,75,43,32,0.573,3635.0,113.7,115.9,109.5,111.2,4.2,4.8,0.592,1.94,17.7,0.275,0.74,0.509,0.126,0.545,0.581,101.7,99.89,83.24,7569,0.521,1,12,13,13,1,1,18,6,17,4,14,12,8,10,3,4,4,18,8,2019-20,Dallas Mavericks-2019-20
157,1610612743,Denver Nuggets,73,46,27,0.63,3549.0,110.1,112.6,108.6,110.4,1.5,2.2,0.636,1.94,19.1,0.294,0.725,0.509,0.139,0.535,0.567,99.5,97.64,81.37,7217,0.517,3,6,6,6,3,5,16,11,5,3,2,3,20,11,9,10,15,29,11,2019-20,Denver Nuggets-2019-20
158,1610612765,Detroit Pistons,66,20,46,0.303,3193.0,106.1,108.8,110.4,112.3,-4.3,-3.5,0.612,1.58,17.7,0.277,0.717,0.493,0.155,0.529,0.561,99.9,97.86,81.55,6507,0.473,24,26,26,26,24,20,22,23,11,23,13,11,25,19,27,19,20,28,23,2019-20,Detroit Pistons-2019-20
159,1610612744,Golden State Warriors,65,15,50,0.231,3145.0,102.9,104.4,110.9,113.0,-8.0,-8.6,0.663,1.72,18.2,0.255,0.722,0.481,0.146,0.497,0.54,102.7,101.04,84.2,6623,0.462,26,30,30,30,27,30,26,30,1,11,8,25,21,27,19,30,28,15,26,2019-20,Golden State Warriors-2019-20
160,1610612745,Houston Rockets,72,44,28,0.611,3476.0,110.3,112.5,107.4,109.8,2.9,2.7,0.53,1.47,15.5,0.249,0.713,0.48,0.14,0.537,0.578,106.3,104.04,86.7,7539,0.494,11,8,7,8,16,6,15,8,29,29,29,26,26,29,10,7,5,2,19,2019-20,Houston Rockets-2019-20
161,1610612754,Indiana Pacers,73,45,28,0.616,3524.0,107.9,109.5,105.1,107.5,2.9,1.9,0.614,1.95,18.9,0.243,0.718,0.487,0.132,0.534,0.565,101.3,99.41,82.84,7299,0.52,3,7,7,7,5,19,6,13,10,2,3,27,24,24,5,12,18,22,9,2019-20,Indiana Pacers-2019-20
162,1610612746,Los Angeles Clippers,72,49,23,0.681,3476.0,111.1,113.3,105.3,106.9,5.7,6.3,0.571,1.63,16.9,0.278,0.737,0.515,0.142,0.535,0.577,103.9,102.16,85.13,7396,0.532,11,4,4,4,16,2,5,2,24,19,20,10,10,3,12,9,6,8,3,2019-20,Los Angeles Clippers-2019-20
163,1610612747,Los Angeles Lakers,71,52,19,0.732,3418.0,109.6,111.7,103.8,106.1,5.8,5.6,0.6,1.67,18.0,0.283,0.737,0.512,0.149,0.542,0.573,103.3,101.2,84.33,7211,0.539,21,3,2,3,22,11,3,5,15,14,10,6,11,6,23,5,9,11,2,2019-20,Los Angeles Lakers-2019-20
164,1610612763,Memphis Grizzlies,73,34,39,0.466,3514.0,106.9,108.7,107.5,109.7,-0.6,-1.0,0.633,1.77,18.7,0.271,0.733,0.506,0.147,0.528,0.561,105.3,103.31,86.1,7562,0.507,3,16,15,16,9,21,14,17,6,9,5,13,15,14,20,20,21,6,14,2019-20,Memphis Grizzlies-2019-20
165,1610612748,Miami Heat,73,44,29,0.603,3549.0,110.0,111.9,107.2,109.3,2.8,2.7,0.657,1.74,18.8,0.257,0.753,0.512,0.149,0.547,0.587,100.5,98.7,82.25,7306,0.525,3,8,11,11,3,7,12,7,3,10,4,23,3,5,22,3,1,27,6,2019-20,Miami Heat-2019-20
166,1610612749,Milwaukee Bucks,73,56,17,0.767,3519.0,110.5,111.9,100.6,102.5,9.9,9.4,0.598,1.71,18.0,0.241,0.775,0.524,0.142,0.552,0.583,107.2,105.51,87.93,7739,0.562,3,1,1,1,6,8,1,1,16,12,11,28,1,1,13,1,3,1,1,2019-20,Milwaukee Bucks-2019-20
167,1610612750,Minnesota Timberwolves,64,19,45,0.297,3112.0,105.3,107.6,110.0,111.6,-4.7,-4.0,0.59,1.55,16.7,0.264,0.731,0.488,0.146,0.514,0.551,105.9,103.94,86.62,6736,0.472,30,28,24,28,30,24,20,24,18,24,26,18,17,23,18,26,25,3,24,2019-20,Minnesota Timberwolves-2019-20
168,1610612740,New Orleans Pelicans,72,30,42,0.417,3486.0,108.0,110.5,109.4,111.8,-1.4,-1.3,0.63,1.64,18.4,0.287,0.729,0.508,0.156,0.539,0.568,106.3,103.89,86.57,7548,0.495,11,21,21,21,13,15,21,20,7,17,7,4,18,13,29,6,14,4,18,2019-20,New Orleans Pelicans-2019-20
169,1610612752,New York Knicks,66,21,45,0.318,3193.0,103.8,105.9,110.6,112.4,-6.8,-6.5,0.552,1.54,16.0,0.3,0.742,0.513,0.143,0.501,0.531,100.9,99.11,82.59,6594,0.461,24,25,24,25,24,27,23,26,27,25,28,1,7,4,14,29,30,25,27,2019-20,New York Knicks-2019-20
170,1610612760,Oklahoma City Thunder,72,44,28,0.611,3486.0,108.4,110.1,106.3,108.1,2.1,2.1,0.543,1.58,16.3,0.241,0.728,0.492,0.137,0.53,0.573,101.1,99.42,82.85,7218,0.519,11,8,7,8,13,17,7,12,28,22,27,29,19,22,7,18,10,21,10,2019-20,Oklahoma City Thunder-2019-20
171,1610612753,Orlando Magic,73,33,40,0.452,3514.0,106.1,107.9,107.1,109.2,-1.0,-1.3,0.608,1.86,17.5,0.267,0.749,0.5,0.129,0.506,0.544,100.9,98.99,82.49,7255,0.496,3,18,19,18,9,23,11,19,12,5,17,16,5,15,4,27,27,26,17,2019-20,Orlando Magic-2019-20
172,1610612755,Philadelphia 76ers,73,43,30,0.589,3519.0,109.1,110.7,106.3,108.4,2.8,2.3,0.628,1.82,18.5,0.281,0.753,0.516,0.142,0.534,0.566,101.3,99.59,82.99,7304,0.523,3,12,12,12,6,14,8,10,8,7,6,7,2,2,11,13,16,20,7,2019-20,Philadelphia 76ers-2019-20
173,1610612756,Phoenix Suns,73,34,39,0.466,3519.0,109.7,111.3,108.4,110.8,1.4,0.5,0.661,1.84,19.2,0.261,0.734,0.498,0.145,0.532,0.576,103.7,101.74,84.79,7449,0.512,3,16,15,16,6,12,17,14,2,6,1,21,14,16,16,15,7,9,13,2019-20,Phoenix Suns-2019-20
174,1610612757,Portland Trail Blazers,74,35,39,0.473,3567.0,111.1,113.2,111.8,114.3,-0.7,-1.1,0.488,1.61,15.2,0.266,0.712,0.492,0.126,0.533,0.57,103.2,101.17,84.31,7519,0.486,2,14,15,15,2,3,27,18,30,20,30,17,28,20,2,14,12,13,20,2019-20,Portland Trail Blazers-2019-20
175,1610612758,Sacramento Kings,72,31,41,0.431,3491.0,107.8,109.5,109.6,111.4,-1.8,-1.9,0.582,1.64,17.4,0.258,0.736,0.492,0.144,0.534,0.566,101.2,99.6,83.0,7239,0.479,11,20,20,20,12,18,19,21,22,16,18,22,13,21,15,11,17,19,21,2019-20,Sacramento Kings-2019-20
176,1610612759,San Antonio Spurs,71,32,39,0.451,3443.0,110.4,111.7,110.9,112.6,-0.5,-0.9,0.585,1.96,17.9,0.233,0.751,0.495,0.123,0.531,0.572,102.6,101.14,84.29,7249,0.502,21,19,15,19,21,10,24,16,21,1,12,30,4,18,1,16,11,14,15,2019-20,San Antonio Spurs-2019-20
177,1610612761,Toronto Raptors,72,53,19,0.736,3476.0,109.0,110.8,102.0,104.7,7.0,6.1,0.627,1.7,18.1,0.256,0.721,0.496,0.146,0.536,0.574,103.3,101.19,84.32,7328,0.53,11,2,2,2,16,13,2,4,9,13,9,24,22,17,17,8,8,12,5,2019-20,Toronto Raptors-2019-20
178,1610612762,Utah Jazz,72,44,28,0.611,3471.0,110.0,111.8,107.4,109.3,2.6,2.5,0.56,1.48,16.8,0.261,0.746,0.512,0.152,0.549,0.585,100.8,99.15,82.62,7169,0.513,11,8,7,8,19,9,13,9,25,27,24,20,6,8,25,2,2,24,12,2019-20,Utah Jazz-2019-20
179,1610612764,Washington Wizards,72,25,47,0.347,3471.0,108.2,110.2,112.7,114.7,-4.5,-4.5,0.602,1.77,17.6,0.262,0.712,0.478,0.136,0.523,0.562,105.2,103.38,86.15,7475,0.473,11,22,28,23,19,16,29,25,14,8,16,19,27,30,6,21,19,5,22,2019-20,Washington Wizards-2019-20
180,1610612737,Atlanta Hawks,72,41,31,0.569,3481.0,113.0,114.3,110.6,112.1,2.5,2.2,0.591,1.82,17.6,0.284,0.742,0.516,0.133,0.539,0.581,99.9,98.68,82.23,7160,0.511,1,11,11,11,11,9,18,11,18,14,20,6,9,7,10,16,10,22,10,2020-21,Atlanta Hawks-2020-21
181,1610612738,Boston Celtics,72,36,36,0.5,3476.0,111.0,113.1,110.0,111.8,0.9,1.2,0.566,1.67,17.1,0.289,0.737,0.51,0.141,0.543,0.574,100.7,98.94,82.45,7172,0.501,1,16,16,16,16,10,13,13,27,22,26,3,13,10,18,12,16,20,17,2020-21,Boston Celtics-2020-21
182,1610612751,Brooklyn Nets,72,48,24,0.667,3481.0,116.3,117.3,110.6,113.1,5.7,4.2,0.621,1.98,19.3,0.252,0.726,0.503,0.134,0.575,0.61,101.8,100.27,83.56,7280,0.532,1,4,4,4,11,1,22,7,10,6,5,22,23,13,12,1,1,11,5,2020-21,Brooklyn Nets-2020-21
183,1610612766,Charlotte Hornets,72,33,39,0.458,3471.0,108.1,110.1,110.6,112.0,-2.5,-1.9,0.672,1.81,19.2,0.276,0.722,0.496,0.149,0.532,0.564,100.6,99.0,82.5,7159,0.489,1,19,19,19,19,23,16,23,1,16,7,9,26,17,25,19,21,18,22,2020-21,Charlotte Hornets-2020-21
184,1610612741,Chicago Bulls,72,31,41,0.431,3476.0,108.7,110.4,109.9,111.5,-1.2,-1.1,0.635,1.77,19.2,0.267,0.767,0.519,0.151,0.547,0.575,101.1,99.58,82.99,7220,0.499,1,21,21,21,16,21,12,20,4,20,8,16,1,4,27,10,14,13,18,2020-21,Chicago Bulls-2020-21
185,1610612739,Cleveland Cavaliers,72,22,50,0.306,3486.0,103.1,105.2,112.1,113.5,-8.9,-8.3,0.618,1.54,17.5,0.28,0.729,0.499,0.157,0.508,0.543,99.6,97.96,81.64,7107,0.46,1,26,26,26,6,28,25,28,12,29,21,7,21,15,29,29,28,25,27,2020-21,Cleveland Cavaliers-2020-21
186,1610612742,Dallas Mavericks,72,42,30,0.583,3461.0,112.9,114.6,110.4,112.3,2.5,2.3,0.557,1.9,17.2,0.253,0.734,0.496,0.123,0.55,0.582,99.5,97.94,81.62,7062,0.51,1,8,8,8,24,8,21,10,28,9,23,21,17,16,3,8,8,26,11,2020-21,Dallas Mavericks-2020-21
187,1610612743,Denver Nuggets,72,47,25,0.653,3496.0,114.2,116.3,110.0,111.5,4.2,4.8,0.621,1.99,19.3,0.292,0.751,0.522,0.136,0.557,0.588,99.3,97.74,81.45,7123,0.525,1,5,5,5,1,6,11,6,11,5,4,2,6,3,15,6,6,27,7,2020-21,Denver Nuggets-2020-21
188,1610612765,Detroit Pistons,72,20,52,0.278,3486.0,105.4,107.6,110.3,112.2,-4.9,-4.5,0.626,1.62,17.8,0.267,0.725,0.493,0.151,0.519,0.556,100.1,98.19,81.82,7132,0.473,1,29,29,29,6,26,19,25,8,26,18,15,24,21,26,26,24,23,25,2020-21,Detroit Pistons-2020-21
189,1610612744,Golden State Warriors,72,39,33,0.542,3461.0,108.8,110.5,107.7,109.4,1.1,1.1,0.67,1.84,19.6,0.222,0.727,0.48,0.146,0.551,0.583,104.4,102.81,85.67,7412,0.51,1,14,14,14,24,20,5,15,3,12,2,30,22,27,24,7,7,3,12,2020-21,Golden State Warriors-2020-21
190,1610612745,Houston Rockets,72,17,55,0.236,3461.0,104.9,107.0,112.4,114.4,-7.5,-7.4,0.601,1.6,17.2,0.24,0.723,0.474,0.145,0.521,0.553,103.6,101.69,84.74,7320,0.451,1,30,30,30,24,27,27,27,16,28,25,28,25,30,23,24,27,6,28,2020-21,Houston Rockets-2020-21
191,1610612754,Indiana Pacers,72,34,38,0.472,3491.0,109.9,111.9,109.6,111.9,0.3,0.1,0.633,2.02,19.2,0.247,0.701,0.476,0.131,0.542,0.575,104.0,102.05,85.04,7419,0.502,1,17,17,17,4,14,14,16,5,4,6,26,30,29,7,13,15,4,16,2020-21,Indiana Pacers-2020-21
192,1610612746,Los Angeles Clippers,72,47,25,0.653,3456.0,115.2,116.7,108.7,110.6,6.6,6.1,0.584,1.85,18.1,0.27,0.754,0.518,0.135,0.564,0.599,99.1,97.63,81.35,7036,0.53,1,5,5,5,30,3,8,2,21,11,12,12,5,6,14,4,2,28,6,2020-21,Los Angeles Clippers-2020-21
193,1610612747,Los Angeles Lakers,72,42,30,0.583,3491.0,107.5,109.8,104.8,106.8,2.7,2.9,0.607,1.62,18.0,0.269,0.748,0.511,0.152,0.536,0.569,100.8,98.85,82.37,7184,0.517,1,8,8,8,4,24,1,8,15,27,15,14,7,9,28,18,19,21,8,2020-21,Los Angeles Lakers-2020-21
194,1610612763,Memphis Grizzlies,72,38,34,0.528,3481.0,109.7,111.7,108.5,110.5,1.2,1.2,0.628,2.03,18.9,0.285,0.736,0.507,0.131,0.528,0.56,102.6,100.77,83.98,7302,0.511,1,15,15,15,11,15,7,14,7,3,9,4,15,11,6,22,22,8,9,2020-21,Memphis Grizzlies-2020-21
195,1610612748,Miami Heat,72,40,32,0.556,3476.0,109.1,110.6,108.5,110.7,0.6,-0.1,0.671,1.87,19.5,0.24,0.733,0.491,0.144,0.546,0.581,98.7,97.09,80.91,7036,0.509,1,13,13,13,16,18,10,17,2,10,3,29,19,22,21,11,9,29,13,2020-21,Miami Heat-2020-21
196,1610612749,Milwaukee Bucks,72,46,26,0.639,3466.0,114.7,116.5,109.1,110.7,5.5,5.8,0.569,1.84,18.0,0.269,0.755,0.519,0.134,0.566,0.593,104.4,102.85,85.71,7423,0.533,1,7,7,7,22,5,9,4,25,13,13,13,4,5,13,2,5,2,4,2020-21,Milwaukee Bucks-2020-21
197,1610612750,Minnesota Timberwolves,72,23,49,0.319,3481.0,107.0,109.3,112.1,114.5,-5.2,-5.3,0.63,1.8,18.0,0.271,0.717,0.484,0.139,0.52,0.555,104.1,101.96,84.96,7389,0.469,1,25,25,25,11,25,28,26,6,17,14,11,27,25,17,25,25,5,26,2020-21,Minnesota Timberwolves-2020-21
198,1610612740,New Orleans Pelicans,72,31,41,0.431,3486.0,110.8,113.0,111.6,113.3,-0.7,-0.3,0.612,1.78,18.3,0.302,0.755,0.527,0.144,0.537,0.57,102.3,100.54,83.79,7303,0.508,1,21,21,21,6,11,23,18,13,18,11,1,3,2,22,17,17,10,14,2020-21,New Orleans Pelicans-2020-21
199,1610612752,New York Knicks,72,41,31,0.569,3486.0,108.2,110.2,105.7,107.8,2.5,2.4,0.543,1.65,16.3,0.264,0.738,0.505,0.133,0.524,0.559,98.2,96.32,80.27,6994,0.502,1,11,11,11,6,22,4,9,29,24,27,17,12,12,11,23,23,30,15,2020-21,New York Knicks-2020-21
200,1610612760,Oklahoma City Thunder,72,22,50,0.306,3471.0,101.3,102.8,111.9,113.4,-10.5,-10.6,0.568,1.37,16.1,0.254,0.742,0.494,0.158,0.509,0.539,103.1,101.61,84.67,7353,0.442,1,26,26,26,19,30,24,30,26,30,29,19,10,20,30,28,29,7,30,2020-21,Oklahoma City Thunder-2020-21
201,1610612753,Orlando Magic,72,21,51,0.292,3466.0,102.9,104.6,112.1,113.9,-9.2,-9.3,0.57,1.7,16.3,0.252,0.744,0.488,0.129,0.49,0.527,100.8,99.17,82.64,7158,0.45,1,28,28,28,22,29,26,29,24,21,28,23,8,23,5,30,30,17,29,2020-21,Orlando Magic-2020-21
202,1610612755,Philadelphia 76ers,72,49,23,0.681,3486.0,110.8,112.5,105.1,107.0,5.7,5.5,0.572,1.64,17.2,0.277,0.737,0.511,0.143,0.541,0.579,101.8,100.12,83.43,7272,0.536,1,3,3,3,6,13,2,5,23,25,24,8,14,8,20,14,11,12,2,2020-21,Philadelphia 76ers-2020-21
203,1610612756,Phoenix Suns,72,51,21,0.708,3496.0,114.9,116.3,108.8,110.4,6.1,5.9,0.622,2.15,19.6,0.248,0.741,0.5,0.126,0.564,0.597,99.3,98.0,81.67,7137,0.534,1,2,2,2,1,7,6,3,9,1,1,25,11,14,4,3,3,24,3,2020-21,Phoenix Suns-2020-21
204,1610612757,Portland Trail Blazers,72,42,30,0.583,3461.0,114.9,117.1,113.4,115.3,1.5,1.8,0.515,1.92,15.9,0.273,0.731,0.495,0.112,0.54,0.577,100.8,98.97,82.48,7137,0.493,1,8,8,8,24,2,29,12,30,7,30,10,20,18,1,15,13,19,20,2020-21,Portland Trail Blazers-2020-21
205,1610612758,Sacramento Kings,72,31,41,0.431,3461.0,111.1,112.7,114.6,116.5,-3.5,-3.8,0.599,1.91,18.4,0.253,0.713,0.482,0.133,0.549,0.578,102.2,100.71,83.92,7266,0.481,1,21,21,21,24,12,30,24,17,8,10,20,29,26,8,9,12,9,24,2020-21,Sacramento Kings-2020-21
206,1610612759,San Antonio Spurs,72,33,39,0.458,3496.0,108.6,110.5,110.7,112.0,-2.1,-1.5,0.584,2.14,17.9,0.243,0.733,0.485,0.113,0.517,0.554,101.0,99.45,82.87,7236,0.493,1,19,19,19,1,19,17,21,20,2,16,27,18,24,2,27,26,15,21,2020-21,San Antonio Spurs-2020-21
207,1610612761,Toronto Raptors,72,27,45,0.375,3461.0,109.3,111.6,109.8,112.0,-0.5,-0.4,0.607,1.82,17.7,0.256,0.716,0.479,0.133,0.529,0.567,101.6,99.57,82.98,7177,0.486,1,24,24,24,24,16,15,19,14,15,19,18,28,28,9,21,20,14,23,2020-21,Toronto Raptors-2020-21
208,1610612762,Utah Jazz,72,52,20,0.722,3471.0,115.1,116.5,105.7,107.5,9.4,9.0,0.573,1.66,17.3,0.284,0.757,0.529,0.142,0.563,0.597,100.8,99.37,82.81,7193,0.542,1,1,1,1,19,4,3,1,22,23,22,5,2,1,19,5,4,16,1,2020-21,Utah Jazz-2020-21
209,1610612764,Washington Wizards,72,34,38,0.472,3481.0,108.9,110.7,110.5,112.3,-1.7,-1.6,0.59,1.77,17.8,0.25,0.736,0.494,0.137,0.531,0.569,106.4,104.67,87.22,7585,0.496,1,17,17,17,11,17,20,22,19,19,17,24,16,19,16,20,18,1,19,2020-21,Washington Wizards-2020-21
210,1610612737,Atlanta Hawks,82,43,39,0.524,3941.0,114.0,115.4,112.1,113.7,1.9,1.6,0.593,2.08,18.1,0.269,0.731,0.501,0.12,0.543,0.581,100.0,98.67,82.22,8099,0.509,1,16,16,16,30,2,26,14,22,4,14,17,12,14,1,8,6,17,14,2021-22,Atlanta Hawks-2021-22
211,1610612738,Boston Celtics,82,51,31,0.622,3981.0,112.1,113.6,104.0,106.2,8.1,7.4,0.609,1.82,18.2,0.277,0.725,0.509,0.139,0.542,0.578,99.0,97.26,81.05,8068,0.547,1,6,6,6,2,9,1,2,14,11,10,11,16,10,13,9,9,24,2,2021-22,Boston Celtics-2021-22
212,1610612751,Brooklyn Nets,82,44,38,0.537,3951.0,111.0,113.2,109.6,112.3,1.3,0.9,0.602,1.8,18.3,0.281,0.704,0.499,0.141,0.54,0.576,101.6,99.4,82.83,8177,0.512,1,14,14,14,19,10,20,15,16,13,9,9,30,15,18,11,11,11,11,2021-22,Brooklyn Nets-2021-22
213,1610612766,Charlotte Hornets,82,43,39,0.524,3976.0,111.7,113.6,111.0,113.1,0.7,0.5,0.656,2.12,19.6,0.27,0.706,0.486,0.131,0.544,0.572,102.3,100.52,83.76,8322,0.504,1,16,16,16,3,8,22,16,3,2,2,14,29,27,9,7,13,5,15,2021-22,Charlotte Hornets-2021-22
214,1610612741,Chicago Bulls,82,46,36,0.561,3946.0,111.0,112.7,111.1,113.2,-0.1,-0.5,0.572,1.86,17.8,0.249,0.735,0.495,0.13,0.541,0.579,100.4,98.76,82.3,8124,0.496,1,12,12,12,24,13,23,20,27,10,17,28,7,17,6,10,8,14,20,2021-22,Chicago Bulls-2021-22
215,1610612739,Cleveland Cavaliers,82,44,38,0.537,3946.0,109.4,111.0,107.0,108.9,2.4,2.1,0.634,1.75,18.7,0.277,0.724,0.506,0.148,0.538,0.571,98.4,96.83,80.69,7964,0.517,1,14,14,14,24,20,5,13,6,21,7,12,18,12,27,14,15,25,7,2021-22,Cleveland Cavaliers-2021-22
216,1610612742,Dallas Mavericks,82,52,30,0.634,3951.0,110.5,112.5,106.8,109.1,3.7,3.5,0.595,1.87,17.8,0.256,0.733,0.496,0.13,0.538,0.572,97.5,95.64,79.7,7871,0.511,1,5,5,5,19,14,7,7,20,9,18,23,10,16,7,13,14,30,12,2021-22,Dallas Mavericks-2021-22
217,1610612743,Denver Nuggets,82,48,34,0.585,3961.0,111.7,113.8,110.3,111.5,1.4,2.3,0.667,1.92,20.0,0.268,0.752,0.515,0.146,0.556,0.59,99.9,98.41,82.01,8123,0.516,1,10,10,10,8,6,15,11,2,6,1,19,1,4,26,1,1,20,9,2021-22,Denver Nuggets-2021-22
218,1610612765,Detroit Pistons,82,23,59,0.28,3956.0,103.3,105.6,111.1,113.3,-7.9,-7.7,0.615,1.65,17.1,0.276,0.707,0.481,0.143,0.494,0.533,100.9,98.81,82.34,8141,0.45,1,28,28,28,13,28,24,26,12,23,24,13,26,30,20,30,29,13,29,2021-22,Detroit Pistons-2021-22
219,1610612744,Golden State Warriors,82,53,29,0.646,3946.0,110.5,112.1,103.9,106.6,6.5,5.5,0.669,1.82,19.5,0.269,0.736,0.51,0.15,0.552,0.582,100.7,98.74,82.28,8121,0.536,1,3,3,3,24,16,2,4,1,12,3,15,6,8,29,3,4,15,3,2021-22,Golden State Warriors-2021-22
220,1610612745,Houston Rockets,82,20,62,0.244,3951.0,105.4,108.1,114.4,116.4,-9.0,-8.3,0.598,1.43,17.1,0.265,0.71,0.485,0.162,0.534,0.565,103.3,101.16,84.3,8323,0.451,1,30,30,30,19,26,30,29,18,30,25,20,25,28,30,17,18,2,28,2021-22,Houston Rockets-2021-22
221,1610612754,Indiana Pacers,82,25,57,0.305,3976.0,109.2,111.9,113.9,115.5,-4.6,-3.6,0.612,1.76,18.1,0.31,0.725,0.512,0.145,0.531,0.564,100.5,98.55,82.13,8166,0.478,1,26,26,26,3,18,28,24,13,18,11,3,17,7,24,20,20,18,24,2021-22,Indiana Pacers-2021-22
222,1610612746,Los Angeles Clippers,82,42,40,0.512,3956.0,107.7,109.5,107.5,109.5,0.2,0.0,0.599,1.75,17.7,0.254,0.706,0.486,0.139,0.531,0.564,100.2,98.51,82.09,8121,0.502,1,18,18,18,13,25,8,18,17,20,19,26,27,26,14,19,19,19,17,2021-22,Los Angeles Clippers-2021-22
223,1610612747,Los Angeles Lakers,82,33,49,0.402,3996.0,107.9,110.0,110.9,112.8,-3.0,-2.9,0.576,1.65,17.3,0.256,0.72,0.49,0.142,0.537,0.567,102.3,100.47,83.73,8360,0.482,1,23,23,23,1,22,21,22,26,24,22,25,21,22,19,15,17,7,23,2021-22,Los Angeles Lakers-2021-22
224,1610612763,Memphis Grizzlies,82,56,26,0.683,3956.0,111.6,114.3,106.2,108.9,5.4,5.3,0.597,1.97,17.9,0.338,0.726,0.526,0.13,0.522,0.553,103.1,100.52,83.77,8295,0.53,1,2,2,2,13,4,6,5,19,5,15,1,15,1,8,23,24,4,4,2021-22,Memphis Grizzlies-2021-22
225,1610612748,Miami Heat,82,53,29,0.646,3971.0,111.2,113.0,106.3,108.4,4.9,4.5,0.644,1.75,18.8,0.278,0.735,0.51,0.149,0.547,0.584,98.2,96.53,80.44,7987,0.529,1,3,3,3,5,12,4,6,5,19,6,10,9,9,28,5,3,28,5,2021-22,Miami Heat-2021-22
226,1610612749,Milwaukee Bucks,82,51,31,0.622,3951.0,112.5,114.3,109.4,111.1,3.1,3.2,0.572,1.78,17.3,0.269,0.747,0.512,0.133,0.546,0.58,102.2,100.59,83.83,8284,0.516,1,6,6,6,19,3,14,8,28,15,21,16,2,6,10,6,7,3,10,2021-22,Milwaukee Bucks-2021-22
227,1610612750,Minnesota Timberwolves,82,46,36,0.561,3956.0,111.3,113.8,109.1,111.0,2.1,2.7,0.617,1.79,18.1,0.284,0.706,0.49,0.141,0.539,0.573,103.5,101.47,84.56,8357,0.504,1,12,12,12,13,7,13,10,10,14,12,7,28,21,17,12,12,1,16,2021-22,Minnesota Timberwolves-2021-22
228,1610612740,New Orleans Pelicans,82,36,46,0.439,3951.0,109.0,111.2,110.5,112.0,-1.5,-0.8,0.621,1.78,18.1,0.306,0.742,0.518,0.143,0.517,0.557,99.7,98.02,81.69,8060,0.5,1,20,20,20,19,19,18,21,8,16,13,4,3,3,21,24,22,21,18,2021-22,New Orleans Pelicans-2021-22
229,1610612752,New York Knicks,82,37,45,0.451,3956.0,108.0,109.7,107.6,110.2,0.4,-0.4,0.581,1.65,16.4,0.291,0.74,0.512,0.137,0.513,0.55,98.4,96.42,80.35,7958,0.491,1,19,19,19,13,23,11,19,24,25,29,6,4,5,12,26,25,29,22,2021-22,New York Knicks-2021-22
230,1610612760,Oklahoma City Thunder,82,24,58,0.293,3961.0,102.2,103.8,110.2,111.7,-8.0,-8.0,0.58,1.59,16.4,0.256,0.727,0.487,0.14,0.497,0.53,100.8,99.39,82.83,8198,0.451,1,27,27,27,8,30,17,27,25,28,28,24,14,24,15,29,30,12,27,2021-22,Oklahoma City Thunder-2021-22
231,1610612753,Orlando Magic,82,22,60,0.268,3956.0,101.8,103.9,110.3,112.1,-8.5,-8.1,0.62,1.64,17.4,0.249,0.735,0.49,0.144,0.503,0.538,101.5,99.71,83.09,8223,0.458,1,29,29,29,13,29,19,28,9,26,20,27,8,23,23,28,28,10,26,2021-22,Orlando Magic-2021-22
232,1610612755,Philadelphia 76ers,82,51,31,0.622,3961.0,111.0,113.0,108.3,110.2,2.7,2.8,0.602,1.89,17.9,0.246,0.724,0.49,0.129,0.534,0.578,98.4,96.71,80.59,7975,0.517,1,6,6,6,8,11,12,9,15,8,16,30,19,20,5,16,10,26,8,2021-22,Philadelphia 76ers-2021-22
233,1610612756,Phoenix Suns,82,64,18,0.78,3946.0,112.5,114.2,104.7,106.8,7.8,7.5,0.627,2.12,19.5,0.264,0.728,0.503,0.129,0.549,0.581,102.0,100.26,83.55,8242,0.548,1,1,1,1,24,5,3,1,7,3,5,21,13,13,4,4,5,8,1,2021-22,Phoenix Suns-2021-22
234,1610612757,Portland Trail Blazers,82,27,55,0.329,3946.0,105.5,107.3,114.0,116.3,-8.5,-9.1,0.595,1.58,17.0,0.268,0.721,0.487,0.146,0.515,0.55,100.6,98.74,82.28,8120,0.447,1,25,25,25,24,27,29,30,21,29,26,18,20,25,25,25,26,15,30,2021-22,Portland Trail Blazers-2021-22
235,1610612758,Sacramento Kings,82,30,52,0.366,3961.0,107.2,109.6,112.9,114.8,-5.7,-5.2,0.585,1.68,17.3,0.259,0.714,0.484,0.14,0.525,0.561,102.1,100.1,83.41,8252,0.473,1,24,24,24,8,24,27,25,23,22,23,22,22,29,16,22,21,9,25,2021-22,Sacramento Kings-2021-22
236,1610612759,San Antonio Spurs,82,34,48,0.415,3961.0,109.4,111.9,110.0,111.7,-0.6,0.2,0.646,2.19,19.5,0.281,0.711,0.494,0.126,0.527,0.556,102.4,100.51,83.76,8290,0.51,1,22,22,22,8,17,16,17,4,1,4,8,24,18,2,21,23,6,13,2021-22,San Antonio Spurs-2021-22
237,1610612761,Toronto Raptors,82,48,34,0.585,3971.0,109.6,112.1,107.9,109.9,1.7,2.2,0.543,1.77,16.1,0.325,0.714,0.508,0.128,0.51,0.543,98.6,96.63,80.53,8000,0.494,1,10,10,10,5,15,9,12,30,17,30,2,23,11,3,27,27,27,21,2021-22,Toronto Raptors-2021-22
238,1610612762,Utah Jazz,82,49,33,0.598,3946.0,114.0,116.2,107.7,110.0,6.2,6.2,0.552,1.6,16.7,0.3,0.738,0.525,0.143,0.555,0.589,99.5,97.5,81.25,8014,0.528,1,9,9,9,24,1,10,3,29,27,27,5,5,2,22,2,2,23,6,2021-22,Utah Jazz-2021-22
239,1610612764,Washington Wizards,82,35,47,0.427,3966.0,108.9,110.2,111.7,113.6,-2.8,-3.4,0.617,1.91,18.5,0.247,0.731,0.494,0.133,0.532,0.568,99.3,97.8,81.5,8079,0.496,1,21,21,21,7,21,25,23,11,7,8,29,11,19,11,18,16,22,19,2021-22,Washington Wizards-2021-22
